ano_mes,nivel2_acoes,aum,captacao_liquida,aum_total_acoes,percentual_do_aum_acoes
2026-07,Ativo,3314262953765.85,1187168750.489999,3609231451641.11,0.9182738758022464
2026-07,Internacional,241713113762.43,3617016580.36,3609231451641.11,0.06697079890859411
2026-07,Índice,53255384112.83,542372879.33,3609231451641.11,0.014755325289159522
