ano_mes,nivel2_acoes,aum,captacao_liquida,aum_total_acoes,percentual_do_aum_acoes
2026-07,Ativo,3311255690314.61,-116836262.48999992,3605078408384.4697,0.9184975512913935
2026-07,Internacional,240855601254.64,3578785847.9300003,3605078408384.4697,0.0668100867638476
2026-07,Índice,52967116815.22,384204203.53000003,3605078408384.4697,0.01469236194475891
