ano_mes,nivel2_acoes,aum,captacao_liquida,aum_total_acoes,percentual_do_aum_acoes
2026-07,Ativo,3304664921619.39,-1354976396.47,3599528006366.0303,0.9180828474663475
2026-07,Internacional,241755237711.93,3500407665.36,3599528006366.0303,0.06716303839958129
2026-07,Índice,53107847034.71,652727085.07,3599528006366.0303,0.01475411413407115
