ano_mes,nivel2_acoes,aum,captacao_liquida,aum_total_acoes,percentual_do_aum_acoes
2026-07,Ativo,3304894390644.35,-1367745888.28,3600257378442.14,0.9179605909381968
2026-07,Internacional,242242849792.86,3500333847.33,3600257378442.14,0.06728487003273094
2026-07,Índice,53120138004.93,652740821.01,3600257378442.14,0.014754539029072278
