ano_mes,nivel2_acoes,aum,captacao_liquida,aum_total_acoes,percentual_do_aum_acoes
2026-07,Ativo,3318515872014.01,647527475.7199999,3616349003587.8096,0.9176425916640465
2026-07,Internacional,243733318585.12,3933159493.5699997,3616349003587.8096,0.06739762073387004
2026-07,Índice,54099812988.68,567276633.19,3616349003587.8096,0.014959787602083519
