ano_mes,nivel2_acoes,aum,captacao_liquida,aum_total_acoes,percentual_do_aum_acoes
2026-07,Ativo,3310236849442.43,-859949050.6200006,3603671916763.0903,0.9185733124162337
2026-07,Internacional,240565961209.27,3587987323.65,3603671916763.0903,0.06675578875264329
2026-07,Índice,52869106111.39,390782150.54,3603671916763.0903,0.014670898831122887
