ano_mes,nivel2_acoes,aum,captacao_liquida,aum_total_acoes,percentual_do_aum_acoes
2026-07,Ativo,3299002279632.58,-398141148.41000026,3592121124758.7603,0.9183995096641221
2026-07,Internacional,240287000110.32,3473763941.32,3592121124758.7603,0.0668927889023946
2026-07,Índice,52831845015.86,671578581.4200001,3592121124758.7603,0.014707701433483282
