ano_mes,nivel2_acoes,aum,captacao_liquida,aum_total_acoes,percentual_do_aum_acoes
2026-07,Ativo,3315541493803.3,1052413675.58,3611789437466.2197,0.9179775153584958
2026-07,Internacional,242830287505.77,3751436242.64,3611789437466.2197,0.06723268111557545
2026-07,Índice,53417656157.15,546724796.21,3611789437466.2197,0.01478980352592872
