ano_mes,nivel2_acoes,aum,captacao_liquida,aum_total_acoes,percentual_do_aum_acoes
2026-07,Ativo,3317598532896.2803,-1385417371.3899999,3616832318885.18,0.9172663370578559
2026-07,Internacional,244606678494.21,3546145574.37,3616832318885.18,0.06763008536973186
2026-07,Índice,54627107494.69,608508525.9,3616832318885.18,0.015103577572412251
