ano_mes,nivel2_acoes,aum,captacao_liquida,aum_total_acoes,percentual_do_aum_acoes
2026-07,Ativo,3318947553175.61,369475214.79999983,3617581037562.21,0.9174494002246758
2026-07,Internacional,244377775410.21,3702151510.8,3617581037562.21,0.06755281301863789
2026-07,Índice,54255708976.39,615933906.89,3617581037562.21,0.014997786756686301
