ano_mes,nivel2_acoes,aum,captacao_liquida,aum_total_acoes,percentual_do_aum_acoes
2026-07,Ativo,3315280885282.03,1058542991.2099998,3611550992077.63,0.9179659632535982
2026-07,Internacional,242850265638.79,3751224461.7,3611550992077.63,0.06724265175031757
2026-07,Índice,53419841156.81,546972848.06,3611550992077.63,0.014791384996084182
