ano_mes,nivel1,aum,captacao_liquida,aum_total_industria,percentual_do_aum_total
2026-07,Ações,3599528006366.0303,2798158353.96,13675892834244.61,0.2632024139113438
2026-07,Multimercado,2632971478261.54,-4477819002.92,13675892834244.61,0.19252647780834797
2026-07,Renda Fixa,7105193683857.11,7757301999.390001,13675892834244.61,0.5195414858813178
