ano_mes,nivel1,aum,captacao_liquida,aum_total_industria,percentual_do_aum_total
2026-07,Ações,3616349003587.81,5147963602.48,13851711025690.64,0.26107597804203403
2026-07,Multimercado,2721043460819.42,-8811038132.83,13851711025690.64,0.19644096355841714
2026-07,Renda Fixa,7164412688268.56,40495068962.31,13851711025690.64,0.517222217167308
