ano_mes,nivel1,aum,captacao_liquida,aum_total_industria,percentual_do_aum_total
2026-07,Ações,3609231451641.11,5346558210.179999,13849922087432.2,0.260595794608565
2026-07,Multimercado,2718786689370.04,-7179103517.14,13849922087432.2,0.19630339233728555
2026-07,Renda Fixa,7172794588797.48,48803463596.759995,13849922087432.2,0.517894219441586
