ano_mes,nivel1,aum,captacao_liquida,aum_total_industria,percentual_do_aum_total
2026-07,Ações,3611550992077.63,5356740300.969999,13861411849227.79,0.26054712401311614
2026-07,Multimercado,2725577505517.85,-7323872691.02,13861411849227.79,0.19663058389464783
2026-07,Renda Fixa,7174104862730.79,50538848543.369995,13861411849227.79,0.5175594622513474
