ano_mes,nivel1,aum,captacao_liquida,aum_total_industria,percentual_do_aum_total
2026-07,Ações,3603671916763.09,3118820423.569999,13849868740361.81,0.2601953841093911
2026-07,Multimercado,2725928037898.73,-8484114758.12,13849868740361.81,0.19681977417986118
2026-07,Renda Fixa,7170844014435.89,39592427246.13,13849868740361.81,0.5177553772432764
