ano_mes,nivel1,aum,captacao_liquida,aum_total_industria,percentual_do_aum_total
2026-07,Ações,3617581037562.21,4687560632.490001,13923299561745.42,0.2598221076490802
2026-07,Multimercado,2777110757200.67,-7867135585.58,13923299561745.42,0.1994578041566271
2026-07,Renda Fixa,7177393790516.68,51088361462.63,13923299561745.42,0.5154951783294767
