ano_mes,nivel1,aum,captacao_liquida,aum_total_industria,percentual_do_aum_total
2026-07,Ações,3616832318885.18,2769236728.88,13736349581107.52,0.26330374729685396
2026-07,Multimercado,2637984776982.6,-6353407905.9,13736349581107.52,0.19204409158389427
2026-07,Renda Fixa,7143325031943.61,30980496406.379997,13736349581107.52,0.5200308123905264
