ano_mes,nivel1,aum,captacao_liquida,aum_total_industria,percentual_do_aum_total
2026-07,Ações,3600257378442.14,2785328780.0600004,13679362198834.73,0.2631889795818716
2026-07,Multimercado,2629615749488.98,-4762594059.04,13679362198834.73,0.19223233592813138
2026-07,Renda Fixa,7111207790629.98,8875255086.300001,13679362198834.73,0.5198493677750374
