ano_mes,nivel1,aum,captacao_liquida,aum_total_industria,percentual_do_aum_total
2026-07,Ações,3592121124758.76,3747201374.33,15463201988621.33,0.23230124830562512
2026-07,Multimercado,4443218311136.77,-2900673174.19,15463201988621.33,0.28734141314368994
2026-07,Renda Fixa,7090895204238.01,-7710510183.979999,15463201988621.33,0.4585657750222676
