ano_mes,nivel1,aum,captacao_liquida,aum_total_industria,percentual_do_aum_total
2026-07,Ações,3605078408384.4697,3846153788.9700007,13823730008316.4,0.2607891217649392
2026-07,Multimercado,2723036525954.93,-9185771112.470001,13823730008316.4,0.19698276256240121
2026-07,Renda Fixa,7147150876633.13,11338191758.259998,13823730008316.4,0.5170204331488955
