ano_mes,nivel1,aum,captacao_liquida,aum_total_industria,percentual_do_aum_total
2026-07,Ações,3611789437466.22,5350574714.43,13854177969773.08,0.26070037827912923
2026-07,Multimercado,2720802370278.14,-7328237365.59,13854177969773.08,0.1963885822900761
2026-07,Renda Fixa,7171407362928.97,50851015928.74,13854177969773.08,0.517634996358173
