ano_mes,nivel1,aum,captacao_liquida
2026-07,Ações,3605078408384.4697,3846153788.9700007
2026-07,Multimercado,2723036525954.93,-9185771112.470001
2026-07,Renda Fixa,7147150876633.13,11338191758.259998
