ano_mes,nivel1,aum,captacao_liquida
2026-07,Ações,3600257378442.14,2785328780.0600004
2026-07,Multimercado,2629615749488.98,-4762594059.04
2026-07,Renda Fixa,7111207790629.98,8875255086.300001
