ano_mes,nivel1,aum,captacao_liquida
2026-07,Ações,3609231451641.11,5346558210.179999
2026-07,Multimercado,2718786689370.04,-7179103517.14
2026-07,Renda Fixa,7172794588797.48,48803463596.759995
