ano_mes,nivel1,aum,captacao_liquida
2026-07,Ações,3611550992077.63,5356740300.969999
2026-07,Multimercado,2725577505517.85,-7323872691.02
2026-07,Renda Fixa,7174104862730.79,50538848543.369995
